text,label
prea b supprimer document reference doc doc reference nest document merci supprimer eco,0
ocm aaaaaao non visible devin,0
bonjour merci prendre compte dossier aaaaao non visible devin merci faire necessaire asap svp dossier aaaaaao visible devin,1
bonjour merci regler souci propos detachement pa pdef voulais detacher deux pa pdef concerne possede main ref deux pa pa pa ref concernee a svp tres urgent merci contacter asap urgence svp,1
while promoting eco to waitapp state facing some plm issue which is related to a,0
cannot open cfao palette,0
lors louverture palette message derreur cidessus apparait,0
sd,0
bonjour eco letat definir composant liens gbom letat propose cest urgent officialisation prevu demain eco eco,1
bonjour merci regler souci propos qchecker narrive enregistrer qchecker d malgre plusieurs tentatives svp tres urgent cordialement,1
merci donner lacces projet ox nexiste projets cidessous,0
plmpasport to request p role for apqp grid rate,0
passe fournisseur a expire a perdu acces grille apqp surtout personne pilotant grille a demissionne a cree mal ticket cote support fournisseur retour ca plus mois quon resoudre probleme solution jusqua merci aider debloquer situation,0
bonjour valideur a trouve probleme valider eco a cause leffectivite eco letat definir composants merci voir dou viens proleme eco,0
narrive enregistrer pdw prea,0
hello can you change the ownership of this pdef a from bex cmp to mecanique cmp with kind regards bonjour,0
hallo plm and dlive are working very slow for example it take minutes until an eco or ecr opens in plm supmovvv,0
duplication of apqp and demote jalon,0
hello please delete objects under the fm hello objects under above mentioned fms are not yet removed please do the needful asap please find attached snap for your reference,1
please migrate the defs under two cxs into plm which cause user yiyuan yang cannot save position in v the two cxs are cx cx the related defs under the two cxs are with mastership article please contact user u yiyuan yang,0
bonjour valideur narrive retrograder leco eco merci contacter david bosserdet refus eco cest urgent,1
delete the cancelled part reference plm sc champprojet pe,0
bonjour jarrive a reviser reference a leco merci,0
lincident plpp a solde etre solutionne laisse maessage suivant pouvez creer nouvel incident revisions supprimer bien precises quil ya version superieur b cree apres louverture incident jouvre nouvel incident urgent lutilisateur attend pouvoir utiliser moyen toute urgence semaines lincident a ouvert suppression revision b moyen mczff eaf mczfu mczfv mczfg rattacher leaf mczfe moyen full mczff revision a livrable attendu na migre lindice b valide faut revenir lindice a initial urgent faire suivre lincident linformatique merci,1
bonjour narrive a transferer propriete leco bonjour cest demande urgente pourriez svp traiter urgence,1
bonjour jai besoin reviser document suivant doc officialisation ca marche pourriezvous svp maider merci,0
hello narrive pousser maturite pdd ref communiquee jai tente commencer dd resultat bloquee dd frozen pdd in work merci aide rapide urgent bien cdt,1
bonjour jarrive enregistrer modifications pdef merci contacter asap reference plm champprojet cmp,1
bonjour merci dajouter couple serrage suivant vnb pdef sap asap,1
already created ticket times still not yet resolved rgs issue could you pease check and solve my issue i have submitted in fluent but fluent files are not downloading in given path folder facing fluent issue,0
bonjour merci changer mastership ref b eco merci davance,0
i need the creation of new apqp duplicated from apqp,0
a a in eco not can push only in the in work state reference plm a a eco champprojet emp,0
bonjour souhaite transferer propriete leco suivant eco vers concepteur oussama erafass sc role concepteur mecanique emp ps proprietaire actuel courant narrive transferer propriete merci faire necessaire urgent faire promotion leco aujourdhui,1
bonjour jarrive valider attribut technique merci resoudre probleme asap merci,1
bonjour seraitil possible mouvriez droits lectureecriture sdm compte sd partie synthese choc projet l,0
bonjour peux engager variantes fm cote concepteur pense quil a probleme niveau cette fm quest statut ref tjr statut engagees dcommerci maider asap,1
hello please modify the workflow ccsacontainment solutions add sd sd jv remove prabhakaran mahavishnu thanks satya hello good day user request please modify the workflow ccsacontainment solutions add sd sd jv remove prabhakaran mahavishnu require concurrence from project lead rajkamal singh to modify the below workflow waiting for the user response to proceed further,0
catia v author is not working for the user tta sreeraj mavila but he has the access for virtual desktop application please resolve the same asap thanks,1
eco life cycle cannot be advanced and prea version cannot be upgraded reference plm eco life cycle cannot be advanced and prea version cannot be upgraded champprojet l,0
bonjour narrive a envoyer emails fornisseur sinjin emails consideres spam undesirable merci faire necessaire resoudre probleme fiche modification,0
bonjour merci debloquer situation tres urgent peux creer nouvelle revision majeur dun pdwdrw voici message derreur pj merci contexte securite de cmp reference plm,1
bonjour peux promuvoir leco cause leffectivite jai deja ouvret incident websd resultat merci revoir cest tres urgent eco,1
bonjour sais a modifie pdef javais versionne pdef prea mettre nouveau pdi retrouve prea inwork pdef dautant plus jai annuler cette prise dindice pdef merci aide visibilite partir lidentifiant dis annuler version possible bien cdt merci contacter matinee tres urgent svp,1
bonjour jai besoin changement mastership ref suivant bonjour eco eco ecr ecr,0
hi please i need in urgent the access for the project d domaine construction modele,1
bonjour merci rattacher cet doc ref doc elements concerne eco cest urgent merci,1
bonjour rencontre probleme niveau modification aa aa versions encours b migres ec jai demande actuelle modification merci intervention urgence,1
remontee dcom plm a assurer suivant photo,0
bonjour pouvezvous svp faire changement mastership references suivantes leco suivant eco cest urgent afin commencer traitement plutot possible bonjour aimable relance cordialement,1
bonjour nrsquo licence metapost jrsquo besoin urgent,1
bonjour jai besoin role permanent pilote projet mecanique projet prsbev napparait liste plm passport,0
bonjour moment larchivage livrable sdm lent page tourne longues durees,0
please provide powertools access for projects scx and spf to be able to raise request for nppa management,0
bonjour jai probleme dengagement leco a letat attend approbation cordialement champ projet cmp hello urgent please cordially,1
bonjour jespere portez bien souhaite changer maitrise mastership deux reference suivantes correction mnu suite probleme migration pdef support fah prea suport fah eco cordialement ecr bonjour rattachement prea pdef voir pj peuton stp poursuivre changement mastership prea davance merci aide cordialement,0
two same pdd frame metal speaker under def only one ppd needed assemblie file a please delete one pdd p,0
bonjour jarrive a promouvoir eco attente approbation merci regler probleme asap formation backup mohammed lahoual e cordialement,1
bonjour merci regler souci propos blocage promotion pdef cause dun pdd etat blocked etre supprime larbre psa possede lacces reference pdd blocked retirer p reference pdef a svp tres urgent cordialement reference plm a champprojet scbaseentry,1
lors creation dune nouvelle version majeur dun pdef anciens rattachements herite,0
altough the new design facilities completed in catiathe inertia values are not visible in plmthe previous pdef massinertia values are visible for ral approval we need urgent help to make the inertia values visible in plmrelevant stakeholder does not accept to rate his grid wo inertia values,1
bonjour voulais transferer pdd pdw suivant pdd p pdw p letat frozen a letat inwork repasser qchecker merci regulariser probleme svp cest urgent cordialement,1
bonjour jai besoin srsquo plait acces sdm projets k hk cpe synthese vehicule construction modele synthese acv,0
erreur lors lancement palette erreur palette possible lancer ansa logiciel cause cette erreur categorie palette systeme deploiement c nonno problame a nouveau,0
impossible promouvoir leco eco cause documents doc a doc a attente approbation pourriez rendre inactifs autres promouvoir eco merci,0
bonjour viens creer ecr ecr template pepp v nrsquo arrive dupliquer clique dupliquer lrsquo ensemble champ description nrsquo pris compte pensais crsquo cause drsquo nombre caracteres limites reduis champ description garde exemple fonctionne toujours bonjour urgent pourriez faire etat davancement svp merci,1
bonjour jai probleme dengagement leco a letat attend approbation cordialement,0
bonjour narrive entendre repondre appl teams merci resoudre probleme plut tot possible demande urgente cordialement,1
connecte vpn access europe impossible lancer lapplication outils auteur v partir palette cfao,0
peux mettre a jour inerties plm a a pense probleme def cote web navait bonne psatypemasseassemblee manuel,0
bonjour veuillez maider supprimer references fm references deja supprimees restent sap nai lacces merci davance,0
bonjour jai probleme lapplication excel machine virtuelle narrive travailler suivis jai jouvre fichier excel fais simple action filtrer exemeple plante bloque page devient blanche excel repond merci resoudre probleme asap ca bloque production cdt hello i have a problem with the excel application in my virtual machine i am unable to work with the files that i have once i open the excel file and i do a simple filter action for example it crashes and freezes the page goes blank and excel is unresponsive please solve the problem asap it blocks my production cdt,1
bonjour merci noter rencontre probleme niveau promotion suivants aa aa aa aa aa effet migrees dcomsap vers plm fais promotion jai message promotion reussi statut reste encours merci intervention urgente,1
i need to breack split effectivity link pdef with effectivity expression in the jalon hp spf zz of below items this hp spf zz went to puted wrong pa a,0
a cause format dates incorrect impossible mettre bonne date cible jalons apqp plm antoine dialo a soucis mettre dates souhaitees grilles apqp apqp ladate souhaitee cetaient plm change cette date date,0
hello team i am not able to do grim calcul the below references can you please perform grim calcul the below references gnq grim cofor cofor code e g y e g y g y g y e is estimated is computed kindly resolve asap thanks in advance,1
bonjour jai rattache pdd p pdef a lenregistrement marche proprietaire jai prend linstance sort message derreur voyer capture cijoint reponse dun support merci trouver solution asap cordialement,1
hello merci douvrir incident asap soukaina berrada sc narrive acceder machine virtuelle voici message saffiche supmovvv hello cest besoin douvrir lincident soukaina a resolu soucis merci,1
hello i have a problem promoting this trs do i need help this is an urgent request supmovvv issue solved,1
bonjour tente promouvoir eco jai message derreur quil ny problemes apparemment bug connu,0
i had set the material correctly but this error still occurs,0
bonjour jai ocm aaaaaao passe plm apres verification retrouve bien devin locm ref impactees probleme commande urgente echantillon ref lusine utilise sap voit prise dindice pdef a a a etre beug bonjour raponse na apporta aucune solution a problame retrouver ref sap nature groupe nai a remettre cause groupe a toujours ata nature macatronique vrais problame ref redescendent bien devin retrouvent sap nouvel indice aa devient tras urgent bloqua plusieurs jours navez solution merci transmettre vers bonne aquipe pourra aider rapidement plusieurs demande aide support daja ata effectua,1
narrive mettre pdw drw pdef suivants letat waitapp bonjour pouvezvous svp voir demande urgence mettre pdw drw letat waitapp officialiser aujourdhui bonjour pouvezvous svp debloquer avancer loffi pdef demande tres urgente personne a propriete pdw drw a role bex narrive faire revision transfert propriete merci prise compte bonjour pouvezvous svp debloquer avancer loffi pdef demande tres urgente aujourdhui dernier delai merci prise compte,1
hello i tried to demote this pdef a to in work but an error message appears thanks,0
bonjour message derreur saffiche lors montee maturite leco merci regler situation asap cordialement problame persiste toujours aimable relance,1
mal fonctionnement,0
delete pdd in pdef pdd p pa pdef a pdd p pa pdef a pdd p pa pdef a navigateur concerne internet explorer poste travail cfao reference plm pdef a,0
error occured in plm while import structure from existing object was processed the cdc was not succesfully transferred to the desired location need to resolve the issue to complete generic and applicative plm requirement tasks project mile stone is march therfore working in plm is urgent navigateur concerne edge poste travail bureautique reference plm cdc,1
bonjour svp jai besoin dannuler changement ms jai references fct references fnr merci faire necessaire asap cordialement,1
exited at getdata stage,0
merci supprimer revision b figee doc doc approuver premiere revision quon puisse valider leco dont ref eco,0
after change the position of pdd i cant progate all the modifications contexte securite psa concepteur carrosserie reference plm a champ projet pc,0
hello i want to transfer macsi file for this parts into my namesd the owner doesnt have acces in macsi check pj best regards viasupmovvv,0
i need the remove a pdd from two defs the pdd is frozen and it is not necessary him the def anymore delete the pdd p from the def a and a hi i want to know if it is possible to remove the pdd today because is urgent,1
bonjour jai rencontre prb lors lengagement geometrie msg derreur concernant couple serrage modif jai na aucune relations couple serrage,0
hi please i need in urgent the access for the project stellamedcompass domaine construction modele employe id sc,1
bonjour jarrive a ouvrir ref p catia merci resoudre asap cordialement,1
engage reponsibility errors fm problem is not solved,0
promote eco from review to released failed error message cut effectivity impossible contexte securite psaconcepteurbexcarrosserieemp reference plm ecoeco champ projet emp,0
impossible douvrir dacceder contenu pdt p a creation propagation hier message derreur impossible ouvrir urgent besoin officialisation def smartcar,1
bonjour navons pu valider worflow eco,0
transfer owner of pc and pc to sc,0
jarrive trouver document steppoffi affiche document reference references suivantes b b b b pouvez svp dafficher document stepoffi afin puisse engager eco cest urgent cordialement,1
urgent impossible promouvoir pdef a letat,1
bonjour narrive promovoir leco davance merci,0
suppression p abandonne pdef a cest urgent sil plait,1
faire transfert droits vue architecturale reference ft ft coc remoteservices vers sc demande urgente livraison prevu aujourdhui reference piece contexte securite reference plm champ projet a naee,1
bonjour merci prendre compte lequipe repartition nont lacces pa concerne projet pamlat voila exemple pa pa goals repartition fabrication ghengpfdiintewetcpacccbotcosrepartfab merci faire necessaire,0
bonjour merci creer compte cfao interne stagiaire id exemple omar kossir ndash u cordialement supmovvv,0
bonjour jai clonner prea erreur pdef jai essaye deconnecter prea pdef ca marche versionner pdef cest demande client merci couper prea pdef urgent,1
dont save def reference plm a champprojet pe,0
hello i am not able to calculate computed weight for below reference encourse folios fm kindly calculate weight asap fiche modification,1
pacx effectivity expression not displayed,0
bonjour disque i sature jai possibilite lancer calculs cdt,0
i would like to have the ownership of these two fm fm fm,0
pdd p cannot be saved,0
grille apqp cree domaine dvdwsl etre cree domaine ebl demande tres urgente,1
bonjour merci transferer urgence proprietes refs cidessous a b p,0
i need to remove the pdd p that is blocked from the def a,0
attached reference plm champprojet emp,0
bonjour narrive versionner pdw merci voire cote bien contacter asap ref p,1
need to promote the eco to release status but we receive an error message that this doc should be in approve status ive tried to promote it but i cant i can not promote this doc to approve status doc hello please can you accelerate the traitement its an urgent topic the customer still waiting the feedback,1
demande rapide migration pdef preabpapa ecr eco merci bonjour merci migration contre e vois plans prea b prea b plans fournisseur pourriez migrer svp merci a bien a plans fonctionnel migrer p p plan fonctionnel p produitplan bonjour demande a ajouter prea a migrer sinon peux travailler demande consiste a mettre a jour plans fournisseur plutat collagues daja migrer plans fonctionnels aiemrais bien contactier perd temps monstrueux ecrit plus sympa telephone pouvez dire plans fournisseurs existent ref merci aide urgent merci comprehension,1
hello i need acces to ov bev rcar rear in sdm best regards,0
bonjour jai besoin faire split deffectivite anciennes versions suivants pa pa pa pa pa pa pa pa pa pa pa pa pa pa pa pa pa pa pa pa pa pa pa pa pa pa pa pa pa pa pa pa pa pa pa pa pa pa pa pa pa merci dintervenir asap cordialement chaimae,1
las have cells with multivalue quotation when i do extraction below project manag rtral pliral synthese checklist rtral v,0
bonjour jai voulu modifier cas demploi variante fm deux variantes sap deux dcom recois erreur pouvez contcater puisse expliquer plus svp cest tres urgent merci support,1
bonjour jarrive a travaille cette fm pouvez contacter explique mieux merci davance,0
bonjour merci detacher eco possede laction references deux eco eco eco voir liste detacher cijoints svp tres urgent cordialement,1
demande dannulation version pdef a cest version cours demande urgente,1
bonjour merci fournir lrsquo acces projet stellamedcompass domaine cpe oussama aitmellal sd,0
apres creation lav fipa recevons message boite mail av fipa existe deja nrsquo visible plm ecr,0
nom workflow eccsd valideur frederic vannson fredericvannsonstellantiscom,0
demande dimmigration compte vers lequipe mglee,0
hello after migration of my computer i canrsquo access plm anymore due to following message supmovvv,0
bonjour jai besoin urgence dun acces plm toutefois tente connecter jai message suivant image pourriez transmettre demarche suivre merci davance via supmov,1
bonjour jai ref a pa papa veux changer quantite x jai main plus def std liee plusieurs projet peux versionner rcd leader refuse versionnement pa,0
bonjour jai recu message derreur veux prendre linstance catia v positionner prea b cordialement,0
urgent besoin detacher pdef valide a pa bonjour jaimerai alerter dune immense criticite risquons planter lusine manque piece pcav ligne epje remercie davance aider prioriser cette action matin rebonjour merci prendre alerte consideration demande etre faite aujourdhui urgence bonjour stp cette demande etre faite aujourdhui urgence hello could you take in emergency this request this mornnig,1
bonjour jai probleme licence lors louverture meta merci davance,0
bonjour jai calcul long modele pieton plante lanimation cause labsorbeur parechocav pourraistu stp maider debugger cordialement,0
bonjour merci regler souci propos changement letat relation entre pa pdef pouvezvous passer letat propose letat cours corriger positionnement coupelle inferieure references deux pa pa pa reference pdef a voir images cijoints svp tres urgent cordialement rebonjour sil plait pouvezvous passer demande support informatique debloquer situation rapidement cest urgent svp cordialement rebonjour sil plait pouvezvous passer demande support informatique debloquer situation rapidement cest urgent svp cordialement bonjour sil plait yatil etat davancement propos svp tres urgent cordialement bonjour sil plait yatil etat davancement propos svp tres urgent cordialement,1
bonjour merci dajouter couple serrage pdef vis suivant pdef deja valider puisse faire creation cnx generique cet vis couple serrage vnb asap contexte connexion role psaconcepteur reference plm contexte connexion organisation mecanique contexte connexion projet bva,1
narrive mettre pa rattache lec attente dapprobation jai ec cours urgent client besoin cest ec merci repondre asap,1
cant promote eco reference plm eco lifecycle champprojet cre,0
bonjour viens prendre erreur propriete reference suivante b lorganisation bexcmp pouvezvous transferer lorganisation vers mecaniqueemp cest urgent afin puisse terminer charge correspondante cordialement bonjour aimable relance merci davance bonjour merci beaucoup laction jarrive a trouver plan d p rafarence b lorganisation bexcmp peux transfarer a lorganisation macaniqueemp pouvezvous svp faire cette action afin puisse travaille plan d salutations,1
bonjour merci changer maturity references suivant b b letat frozen letat inwork cordialement bonjour merci rejeter prea inwork asap tres urgent cordialement,1
lecoecocannot promote reference plm lecoecocannot promote champprojet pe,0
cant able to save or modify the following reference p and p p and p both are in bex organisation can you change this to synthese in bex i cant able to save one more ref need to transfer,0
bonjour rencontre probleme niveau modification aa aa versions encours b migrees ec jai demande urgente modification merci intervention,1
bonjour merci regler souci propos blocage promotion pdef cause dun pdd etat blocked etre supprime larbre psa possede lacces reference pdd blocked retirer p a b reference pdef a svp tres urgent cordialement,1
please provide the access for the attached parts hasbaoui hamza left the organisation filali amal no longer working in the ccx program so she doesnt have access,0
i need to be able to access and launch calculations in the nonproduction pac site,0
hello i am unable to log in in plm web kindly solve the issue asap,1
bonjour besoin daide urgent dois valider leco aujourdhui jai pu promouvoir pdef souci a chacun produit format tsl in work pdef a ca passes voir pj via supmovvv contexte securite not found reference plm voir pj champprojet ove bonjour merci clore cette demande souci resolu fallait mettre derniere version pdd pdef ca va passer regards,1
bonjour veux promouvoir eco urgencemais nest bonne ral rt,1
ral workflow ral workflow pc add person in to approve stephanebodetstellantiscom,0
bonjour face pb promouvoir cette cx jai besoin cette fixation offi jai contacter deux pofi responsable nont droit promouvoir cest urgent svp cordialement,1
bonjour narrive coter litem vd grilles apqp merci debloquer situation asap bonjour merci traiter cette demande urgence devons cloturer jalons asap cordialement,1
urgent bonjour jai message derreur lors veux promouvoir leco echec promotion this eco cannot be promoted it is not connected to an ecr or all the relationships of the affected item ldquo a rdquo are not correct pouvezvous maider ressoudre probleme merci avance cordialement,1
the value of the family dn is not synchronized to plm there are different values available in plm dn but dn is missing and urgently needed please see attached pictures out of dico and plm,1
bonjour jai essaye versionner pdd dd pdef a ca marche cause dun fem existe dessous pdd sort message derreur merci trouver solution asap cordialement,1
bonjour a recu message derreur pj lors montee maturite leco correcte prie aider savoir cause probleme cordialement,0
bonjour jai versionne variante fm etait absente pourriez svp intervenir asap,1
besoin supprimer piv elementaire tex jai cree erreur,0
please could you solve this issue,0
bonjour variantes peuvent engager dcom pouvez debloquer afin puisse engagee variantes merci davance support fm variante aa aa,0
hello team i am not able to do grim calcul the below references can you please perform grim calcul the below references gnq grim cofor cofor code e g y e g y g y g y e is estimated is computed kindly resolve asap thanks in advance fiche modification,1
please urgently first vh kmca el impacted we need to transfert fm now is waiting for rq validation bertrand floch holidays to be transferred without quality validation directly to ppp jose antonio mendez meseguer,1
urgent bonjour pouvez split effectivite pdef appliques suivant a a leco mca ice esc unit modification esp reintroduce solution per current production esp effectivity correction souhaite conserver relation gbom cours merci avance cordialement,1
bonjour narrive supprimer pdd pdw pdef a pouvezvous svp faire urgence merci pdd supprimer p bonjour svp toujours attente reponse probleme cest tres urgent merci comprehension,1
hello i am not able to remove object from the fm kindly remove the object and empty the fm objects under the fm are still not deleted,0
access for power tool application,0
bonjour lors creation pdef mentionnes dessous references fca partenaire a cree pdef aujourdhui sest redu compte reference partenaire a detache automatiquement system voir capture pouvez svp identifier cause probleme reconnecter reference fac nouveau merci davance urgent svp bonjour svp cest urgent a til nouveautes concernant merci davance,1
salut narrive enregistrer ref pdd cidessous jai propriete reference ainsi instance cordialement salut sauf faute cote nai rien recu support moment vachement urgent cordialement,1
bonjour jai deja probleme license ansa narrive ouvrir aucune fenetre ansa jai livraisons urgentes merci faire necessaire cordialement,1
erreur check gbom message piece jointe,0
kindly move the pdef and its children from bex to mecanique aprpr job to be delivered today so please make it soon polssible,1
b b b b please help to return to inwork state reference plm b b b b please help to return to inwork state champprojet mdt,0
na,0
merci rendre pdx in work a cause doublie masse qualite pdd p pdd p pdw p,0
bonjour voudrais promouvoir version cette reference prea b message derreur saffiche a a version cours ny a version merci promouvoir prea letat approuve urgent cordialement,1
bonjour message derreur bloque nivau dengagement merci contacter discuter cordialement bonjour tres urgent jattends toujours contacte cordialement contexte securite concepteur mecanique slcv reference plm xxxxxxxx champprojet slcv,1
hello recently all the dpca users cannot upload the picture files any ecrs please see the attached picture,0
bonjour narrive ouvrir metanvhnastran posttraiter calcul tvamobilite remercie debloquer situation asap cordialement,1
bonjour blocage lors validation eco revu valide voici message derreur piece joint bien cordialement,0
plantage calcul a cause dune instabilite numerique,0
transfer ownership for the below numbers p p r p r p r transfer ownership to user id sd rakesh patil role psadesignermpcarrosserieccubedw project cc ownership transfer need to upload the new data employee who has the ownership has left the organisation so need to transfer ownership to my name,0
bonjour merci supprime pdd pdi blocked pdef suivant a cordialement,0
bonjour narrive promouvoir doc ref engendree cote fournisseur plm stockage doc pcp grille apqp cest cette ref engendree dois officialiser doc eco merci mapporter solution cest urgent bien cdt priere traiter demande cest urgent svp,1
variant creation under sap ocm emp aaaaaao pa a decoupage zg fam famsxc,0
i would like to have a dedicated tool to calculate the bottle neck,0
bonjour jarrive a trouve ref p catia merci resoudre probleme asap,1
bonjour narrive promouvoir leco merci contacter oussama erafass trouver solution probleme nb vraiment urgent a relances cote projet,1
bonjour jai essayer rendre pdd letat in work apres quil frozzen ca marche message derreur saffiche mempeche faire manip merci faire necessaire asap nb ref pdef a psgp pddp bien cordialement,1
bonjour merci dabandonner pdef essayer labandonner plm a maitrise article merci prendre compte demande cest tres urgent merci contacter via teams lors traitement demande plus dinformation br fiche modification,1
francesco carmelo is trying to approve the eco but in the approval window after click approve the window close and the eco remains in state reviewed with no error message weve checked the its in reviewed state well the pdefs are from single parts and are in approved state it should no other problem could be find hello it is first dfnu release it should not have an ecr there is a and it is already fulfilled and checked pending information in the satisfied by field called with the user for guidance,0
probleme chargement palette cfao message derreur impossible deffectuer formatage f,0
i can not promote eco,0
bonjour jai probleme lors promotion ref pdef suivantes a aa aa a message message derreur saffiche mempeche monte maturite disant besoin code grain merci faire necessaire asap nb demande urgente cordialement bonjour merci prise compte jattends toujours retour lavancement demande cdt bonjour concernant demande projet fais grand pression penaliser rendre lignes retard rapport dates projet pouvez modifier dates date convergee date realisation promotion retard solde probleme generique nb concerne re convergence date cordialement,1
bonjour merci detacher preas catia v action faite plm malgre laction faite plm prob persiste toujours catia v ba ba ba cordialement bonjour probleme resolu cordialement,0
bonjour merci regler souci propos blocage promotion references pdef cause pdd etat blocked doivent etre supprimes larbre psa possede lacces reference pdd blocked retirer p a p a p p a p a p reference pdef a a a a a a a svp tres urgent cordialement,1
bonjour narrive remplir lexpression deffectivite np message derreur pj saffiche clique mode expert merci dintervenir asap cordialement,1
bonjour message piece jointe apparait souhaite passer lexigence req letat shared letat inwork bouton actualiser na aucun effet laffichage letat fabrice body contexte securite psasystemdesignercomponentreference reference plm oid,0
unable to add raw product defined product error message is popping up when trying to add the raw defined product champ projet bvmmgsl,0
hello devin is not uploading pcps modifications when they are uploaded via plm is happening with all the pcps but this one is urgent do you know the causes that dont let upload the pcp updates to devin thanks in advance regards hello all the fields that you have indicated are correct and the pcp still does not upload to devin platform any suggestion thanks in advance regards,1
the eco wont push,0
besoin comprendre processus creation piv generiques,0
bonjour merci regler souci propos transfert propriete ref pdef a sc sc cordialement svp tres urgent,1
pdd p cannot be saved reference plm none champprojet cr,0
compte cfao cree a jours service applicatif ympd attribue jai acces machine virtuelle,0
below mentioned parts released state at part releasing time part placed at correct position but now it will be moved again i try to reposition but already position matrix applied in this part cant able to reposition in project ccccov part intermediate air inlet duct mb at pa pdef edct papdef and intermediate air inlet duct fastener papapa,0
psa standard error while validating pdef prea pdef a a prea b b,0
bonjour jai probleme lapplication excel machine virtuelle fichiers bloquent louverture moindre action choisir filtres etc merci voir probleme cest super urgent jai bcp travail faire galere ya jours ceci merci davance cdt,1
hello first some history please there was a need to reposition a part i used this methodology during the promotion of eco the linked lost its satisfied by pdef a in fact the eco is released and the repositioning action has been completed but the is now over and in state create but cant be deleted here is the task to do can you please remove cancel or promote the to finishedclose to solve this open item thanks upfront adrian,0
jai probleme description jarrive a enregistre description jarrive a entre rattacher doc,0
bonjour fipa double ecr cidessous pourriezvous supprimer merci ecr supmovvv,0
apqp must be dublicated,0
bonjour estce pourriez svp modifier cette comentaire mots indiques jaune ok start agreement systeme permet modifier cote ecr voir pj viasupmovvv,0
bonjour merci regler souci propos suppression niveau leco narrive supprimer leco concernes eco concerne eco svp tres urgent cordialement,1
bonjour pouvezvous svp faire changement mastership reference a leco eco ecr ecr cest urgent traiter charge plutot possible cordialement bonjour aimable relance cordialement,1
i dont archieved to add the pdef a in the fipa hello any update dear team the project is claiming against please accelerate hello i need your help i still blocked hello it is urgent accelerate please,1
ere urgence impossible lier ecra eco voir captures eme urgence impossible recuperer plan present ds devin probleme master ship voir captures dessin vaut mieux long discours merci rapidite merci reponse pourriez transferer a cellule cod sil plait etait but seconde demande perdre heures precieuse merci comprehension,1
in oid and rsp for the paragraph parag a new revision was created the new revision of the paragraph the whole structure below the paragraph is empty all paragraphs and reqs below are not in the structure anymore is it possible to restore revision and do the new revision again it is urgent to restore because a cdc must be created,1
devons supprimer toutes version pdd etat blocked p puisque pdd a change pdd pouvons promouvoir pdef a puisque pdd blocked demande urgente puisque devons lancer validation leco aujourdhui,1
bonjour peux engager variantes fm existe plusieurs pieces differents deux variantes merci maider asap,1
hi please i need in urgent the access for the project p domaine construction modele employe id sc brchouaib,1
bonjour jarrive promouvoir leco cause message pj eco ecr ps pdef leco bien connectes lecr lien gbom ok merci faire retour asap,1
we tried creating and modifying some but the save option seems disabled this error has been since yesterday throughout stellantis india please check and fix asap,1
probleme promotion eco letat attente approbation,0
bonjour jarrive a engager variante suite a labscence pannel dengagement merci dintervenir svp urgence,1
bonjour narrive ajouter cofor acc aec cofors intelectuels preas pouvez svp reactiver demande urgente merci davance,1
cannot create new major version of pdi p a,0
acces non autorise bipsa,0
bonjour merci regler souci propos blocage promotion pdef cause dun pdd etat blocked etre supprime larbre psa possede lacces reference pdd blocked retirer p a reference pdef a svp tres urgent cordialement svp tres urgent cordialement,1
need to remove unwanted pdef available from assembly pdef which was not found in gb of structure duplicate pdef a a cancelled duplicate pdef a a inwork assembly pdef a b cancelled please refer the attachment for more information def number mention wrongly,0
bonjour pouvez verifier creer urgence compte cfao sd dacces dsique ipalette compte exemple e,1
bonjour message derreur bloque nivau dengagement merci contacter discuter cordialement bonjour tres urgent jattends toujours contacte cordialement,1
bonjour probleme dengagement leco nb urgent merci,1
variant creation under sap ocm emp bbbbbbo pa b decoupage aa fam dicopbv,0
bonjour narrive promouvoir eco letat definir composant merci voire cote bien contacter asap,1
hello i canrsquo find an option to create the fac in my account in the st picture my college has the option with same account in nd picture why please help itrsquo urgent thank you,1
the pdef attached to the eco was in reuse should have been in revise and promoted to define components kindly demote it to create state eco,0
salut possible modifier larbre dattachement np veut transferer piece larbre bomcomponent lelementary component,0
bonjour merci regler souci propos rattachement prea vue possede lacces faire manipulation reference prea rattacher reference prea b svp tres urgent cordialement bonjour jai essaye possede lacces faire vue possede role concerne cubedw a licone editer voir capture decran cijoint svp tres urgent cordialement,1
merci majouter cette phrase asslhsfaciiallcatpart swstep sent by bilbao ref edtw description prea b propager modification,0
hello i am not able to promote eco existing mastership psa std desired matership psaconcepteurcarrosserieeke champ projet eke,0
bonjour support modele plante cause dun ajout masse genere intersections lors choc barriere sob solution cree interfaces t elements calcul depasse lanimation probleme a lieu plante lanimation suive probleme endroit,0
faire transfert droits vue architecturale reference ft ft coc remoteservices vers sc demande urgente livraison prevu aujourdhui,1
bonjour jai probleme niveau p veux changer jalon z jalon inferieur demande urgente pouvez prendre laction svp merci davance,1
was removed from pa i need to know who removed the pa when i open the historic from or pa doesnt appear the name just user agent,0
bonjour jarrive promoter cet eco jai cette erreur cest top urgent merci prendre compte demande br,1
hello i am not able to promote eco please find attached error snap kindly resolve it asap,1
bonjour narrive promouvoir eco message derreur pj pense souci ref mat m merci faire necessaire jai recu alertes projets officialisations cest extremement urgent merci avance br bonjour jattends toujours retour part souci complique donne cest commun eco cours dofficialisation br,1
bonjour demande mastership codsd nest faire det d merci voire cote bien contacter asap ref,1
error occured in plm while import structure from existing object was processed the cdc was not succesfully transferred to the desired location need to resolve the issue to complete generic and applicative plm requirement tasks project mile stone is march therfore working in plm is urgent,1
bonjour narrive propager drw r merci voire cote bien contacter asap,1
jai essaye connecter pilote projet psa pwtfca puis responsable compo pwtfca puis aucun role permet creer jalon configuration nai solution a pbm sais craer achaances conf cette ligne a blocage solution,0
versions projecteurs specifiques vehicules rhd mettre grille apqp specifique,0
bonjour jai probleme niveau renseignement cas demploi lexpression deffectivite pa aa use case ddj and dlw and duf and dlx and due and not duv or dlx and due and not duv or due and dyc and not dlx and not duv or bfwr and bg and due and dyc and not dlx and not duv or due and dyc and not duv merci intervention urgente,1
some pdefs are now dupplicated in catia,0
probleme denregistrement position pouvez traiter demande cest officialisation urgente,1
hello today we cant see any papdef when it is applied the jalon e in sfp for fh project we can see in other project but not in fh could you help us example pa and pconf fhe pc,0
hello please i need the ownership for the eco thank you in advance,0
urgent hello fais creation dun prototype attendu fca creation dun prototype attendu termine v non v merci repondre urgence,1
bonjour controle coherence marche donne resultats falsifie devolution entre letat apres merci dintervenir asap svp bonjour pourriez svp debrifier letat davancement question stp probleme persiste toujours resultat controle coherence rest inchange meme apres plusieurs tentations resultats apres reste meme normalement ca change cas reste stable rien nest arrive sap avance merci prise compte info ns ra classe famguo article guo,1
ere urgence impossible lier ecra eco voir captures eme urgence impossible recuperer plan present ds devin probleme master ship voir captures dessin vaut mieux long discours merci rapidite merci reponse pourriez transferer a cellule cod sil plait etait but seconde demande perdre heures precieuse merci comprehension processus ppofficialiser produits pdefpreahellip leurs livrables processus ral etou work flow contexte connexion role psaconcepteur contexte connexion organisation mecanique contexte connexion projet slcv demande raouverte motif suivant bonjour desole reouvir incident dd tj in work toujours egalemlent pdw migrer dont toute parts bien shared compris dd concerne pdw propose raccorder standar plm piur etre conformite plm dcom captures aider sais peux raccrocher cette a incident merci bien,1
bonjour narrives promouvoir leco besoin daide cest officialisation urgente merci avance supmovvv bonjour cest offi retard merci reactivite regards bonjour merci faire necessaire regards bonjour rencontre probleme cet eco message erreur voir pj pense souci ref mat m merci faire necessaire jai recu alertes projets officialisations cest extremement urgent merci avance br bonjour jattends toujours retour part souci complique donne cest commun eco cours dofficialisation br,1
bonjour jessaie promovoir pdef ref a letat approuve message erreur bloquesil plait pouvez promovoir cet pdef cest urgent merci,1
valideurs gens metiers contributeurs nont contexte securite d contexte silhouette led cest piece base nont role emp ca vue letat pdef pdw waitapp cote metier na main retrograder modifier role projet demande cote support forcer changement role d silhouette vers emp base contexte securite emp navigateur concerne internet explorer poste travail bureautique reference plm pdw p,0
jai besoin changer proprietaire grille apqp monsieur malinfa niare puisque nai role plm dois decaler date grille merci davance,0
same pdd in def please delete one a p,0
bonjour pourriezvous svp repromouvoir cet prea b letas inwork plus urgent devons officialiser aujourdhui merci davance cordialement supmovvv,1
request the project access for scn,0
bonjour narrive generer version majeurs objets win highlight capture pj merci aide urgent bien cdt,1
narrive toujours creer dhypothese precedente reponse nest bonne concepteur procedure creation dhyp va souhaite etre contacter qqun personne autour comprend jai probleme colegues lont ca semaine peux plus travailler catia v contexte securite concepteur d navigateur concerne chrome poste travail cfao reference plm cataiv,0
hello the plm speed is very low since yesterday my computer click minute reation time is there general problem and when will it be fixed or is something wrong with my laptop fan via supmovvv,0
bonjour jai besoin faire splite deffectivte suivants papapapa garde derniere versionne merci avance cordialemt hamza solda demande traitement,0
veux continuer lengagement responsabilite pieces engagees fm nest possible marque lengagement responsabilite nobtiens possibilite faire,0
bonjour narrive acceder compte saplogon jai entre mdp plusieurs vain peux changer mdp piece jointe jai besoin urgence dacceder compte effectuer validations merci bien cordialement bonjour quil nest possible changer mdp jai besoin urgence saplogon merci bien cordialement,1
jarrive a prendre propriete pdef apouvez voir asap erreur,1
bonjour pouvez maider importer fichier catia v catia v bien proposer solution casser lien entre dcom product catia v narrive ouvrir catpart catia v lancer dcom merci contacter via teamsafin partager product narrive telecharger merci davance cordialement,0
bonjourjarrive a prendre propriete win reference a proprietaire web pouvez voir asap rasolu,1
bonjour merci changer lorganisation eco eco vers mecanique demande urgent,1
unable to open ansa,0
not able to delete pdd in def selected pdd need to be delete in def since parts are releasing def under def structure def a to be deleted below mentioned pdd parts a ph i k revisions def a to be deleted below mentioned pdd parts a p h i k revisions def a to be deleted below mentioned pdd parts a p grevision,0
piece non visible deltagen apres import p captures pj,0
bonjour merci regler souci propos lerreur promotion pdwdrw narrive passer maturite pdwdrw frozen plan d partage reference pdw p reference pdef a svp tres urgent cordialement bonjour merci solder demande vue probleme a resolu part promotion drw premierement apres promotion pdw cordialement,1
these pieces failed to engage due to error code the fm is,0
bonjour message derreur saffiche lors promotion leco possible souci viens las remontes controle gbom las prea quil faut las pdef pouvez svp debloquer asap merci bien cordialement via supmovvvv,1
bonjour job done successfully completed quil a erreur pouvezvous regarder passe listing piece jointe,0
metier niare malinfa sqd willy foucteau peuvent coter grille apqp cest urgent merci,1
hafsa salmi sd remplace lina salafi e demande lacces modification qualitecmagmhev,0
narrive renseigner cotation stex mappartiennent numero tex tex,0
bonjour lors changement maturite deco message cidessous mapparitre merci faire necessaire asap debloquer situation cdt,1
bonjour jai besoin faire split deffectivite suivants papapapa garde derniere versionne nb cest deuxieme jouvre ticket devez faire split deffectivite versionnes applicabilite doublons entre nfc merci faire asap fin quon puisse resoudre probleme cordialement hamza,1
jai besoin daide lors rajout dun element lordre jour reunion rt viens creer ere message derreur saffiche bonjour jattends toujours resolution probleme merci maider cest urgent ca bloc production,1
bonjour palette cfao remonte session stellantis ainsi repartition i mgleb remercie intervention,0
i would like to request access to create tasks for sc base entry,0
bonjour pouvezvous asap octroyer compte cfao aurelien besson sd svp merci octroyer compte celui patrice lieure c exemple a besoin catia realiser stage supmovvv cordialement,1
eco cannot be promoted to released status but without any error information reference plm eco champprojet l,0
hello well checked that all pa are released but sitll can not promote eco please help to check projet push to promote this eco today its quiet urgent thanks,1
cant login plm reference plm cant login plm champprojet cr,0
merci majouter workflow rticdvstla id e raison rejoins lequipe autant adjoint cpo jai besoin detre workflow,0
cant promote the pddeco a a pddp,0
bonjour narrive faire extractions bi lenteur systeme aucune donnee extraite merci maider resoudre probleme ca devient critique jai constate probleme mardi cest urgent merci davance,1
bonjour narrive ouvrir correctement lhypothese n p voir pj merci voir probleme urgence hhu demande via hotline,1
the workflow base purpose of ocmtpm must be changed from review to standard motive ocmtpm workflow should be used for ecr and not for eco contexte securite pm navigateur concerne mozilla firefox poste travail cfao reference plm na reference eco na reference psa na,0
probleme publication win vers web recu dun message cannot get handler over business object input vpm entity is null bonjour jarrive a comprendre solution proposae pouvez communiquer donner plus details merci a lavance bonjour permets reouvrir cette demande quon a discuta interne solution donnae ca a aida officialisations jai references pu publier references meme visibles vpm faux dapres wallee donnaes immatarielles software dote calibration atre a false veuiller trouver pj captures references ete publia screen wallee bonjour pouvez dire tres urgent ca risque produire probs niveau lusine permets re relancer tres urgent ca impact tres grand usine,1
delete the pdd under the pdef contexte securite psaconcepteurbex reference plm ap ap champ projet emp,0
bonjour merci changer mastership ref a leco cette demande urgente stp cordialement eco a bonjour pouvezvous faire changement mastership datachant daf fectifs rattachas synchronise prea a leco rattachant rafarence pdef a cette raf psa cordialement,1
narrive valide eco coup lors remonter eco statut valide jai trouve deux messages derreur,0
bonjour narrive acceder plm travers palette recois message derreur voir pj peux acceder quapres desactivation signature automatique redemarrage poste travail pouvezvous proposer solution plus pratique cordialement hhu demande recue via hotline,0
bonjour svp jarrive passer qchecker jai d tres lent ca plante toujours merci faire necessaire ref p merci bonjour merci svp prioriser lincident cest tres urgent cordialement,1
change organization from bex to carrosserie,0
bonjour merci noter rencontre probleme niveau modification pa aa effet version f dernier contient jalon k jep infin equivalent lapplicabilite pinfin lapplicabilite plm oinfin pouvez corriger jalon pouvoir proceder modification svp merci intervention urgente reference plm aa champprojet k,1
bonjour narrive faire qchecker ref plan r merci voire cote bien contacter asap bonjour jai toutes etapes probleme nest resolu bonjour probleme resolu peux solde demande merci,1
bonjour narrive a transfere lorganisation piecce psa carrosserie merci maider a faire bonjour merci reaction support narrive a sauvgarder modifications toujours jai besoin aa lorganisation carroserie non psa,0
creation grille apqp simplifie partir j retro px deplie msr propose moteur mci palier radiale jai demanda craer grille apqp simplifia complate simplifia cest a dire a partir j,0
bonjour merci regler souci propos blocage promotion pdef cause dun pdd etat blocked etre supprime larbre psa possede lacces reference pdd blocked retirer p reference pdef a svp tres urgent cordialement,1
hello my virtual machine is very slow teams is working very slow and its block every second catiaenovia dont open can you please check the situation i talked with other colleague the same for them ayari mohamed open an ticket to psa yesterday for this issue nr,0
a new workflow for eco was created but i can find only in engineering approval and i need to add the workflow spf colored parts in release approval with alexandre mosterio e validator bom manager of spf is very urgent because we need create colored parts in scbaseentry,1
bonjour jai probleme monte statut termine promouvoir eco pouvezvous svp voir probleme merci davance eco,0
bonjour merci dajouter couple serrage pdef vis suivant pdef deja valider puisse faire creation cnx generique cet vis couple serrage vnb asap,1
bonjour merci bien vouloir contacter direct sil plait repondre uniquement boite support rebonjour matin apercois faisant gbom eco aucun pa apparait produit vrac fluide pdef voici capture hier apparaissent capture matin disparu voici pieces jointes voici pieces jointes p p processus gpcreer gerer produits matieres fluides colles mastics etc contexte connexion role psaconcepteur contexte connexion organisation mecanique contexte connexion projet scbaseentry bonjour merci aide aborde continuite cette demande problematique decoulant effet ds cette dois rajouter effectivites ouvre panel aucune effecitivte apparait a demander renseigner merci aide a nouveau bloque voir pieces svp bonjour merci bine vouloir contacter direct plutot faire reponse mail plus instructif important pouvoir comprendre personne merci patience comprehension aide bien a,0
cannot promote eco to waitapp reference plm champprojet l,0
bonjour narrive connecter plm recevant message derreur suivant access to plm is blocked license limit reached for the organization you belong to merci traiter probleme urgence cordialement,0
bonjour jai cree incident traiter demande changement maturite malheureusement solde rien changer merci traiter demande changer maturite pdd ref p pdef ref a letat waitapp letat inwork cest urgent crdl sil plait pouvez traiter demande urgent offi etre valider aujourdhui bonjour sil plait demande dannuler demande probleme resolue,1
bonjour narrive creer references psa pieces cidessous manque decoupage a b a b a b a b a b b b pouvez svp maider cest hyper urgent cordialement,1
ecr eco contexte connexion role psaconcepteur reference plm eco contexte connexion organisation mecanique contexte connexion projet epsl hello i finished the ocm please transfer them its very urgent for us,1
message derreur linstant promouvoir eco bonjour cette demande urgente merci traiter plutot possible merci davance,1
bonjour mouhsine baghdad manager lequipe bke contacte creation compte cfao ouafa el aqraa sd ziyad benoufir sd compte exemplaire e avance merci,0
bonjour jarrive a promouvoir eco attente approbation merci regler probleme asap formation backup mohammed lahoual e cordialement contexte connexion role psaconcepeurbex reference plm a reference eco eco contexte connexion organisation mecanique contexte connexion projet emp,1
hi please i need in urgent the access for the project ov domaine construction modele,1
bonjour jai besoin aide engager cet eco,0
lofficialisation faite temps sest detache suite bug reflete date,0
a pu ajouter jalon j lapqp besoin support urgence svp,1
i i need that this pdd p be delete reference piece,0
after change of laptop i am not able to access plm web plm is asking to change the browser langugage although the correct language is set,0
non visibilite dun pb urgent wp,1
bonjour jai rencontre probleme niveau generation fichier fiche qualite generent dossier calcul apres relancer plusieurs nouveau fq telecharge pourraistu stp maider resoudre probleme cordialement,0
bonjour narrive propager drw r jai deja cree incident concernant cette demande jai connecter role mecanique probleme merci voire cote bien contacter asap,1
bonjour jai essaye plusieurs retrograder versionner d d existent pdef ca marche merci trouver solution asap,1
bonjour jai besoin faire split deffectivite anciennes versions deux suivants papa svp garde nouvelles versions e merci dintervenir asap cordialement chaimae bonjour jaimerais bien savoir letat davancement cette demande urgente merci dintervenir asap cordialement chaimae,1
hello i would like to get the powertools authorization specifically i would like to make pa request but i am not able to do it right now it is very urgent for us best regards,1
bonjour rencontre probleme niveau modification aa aa aa aa aa aa aa versions encours migrees ec jai modification niveau merci intervention urgente,1
unable to promote the eco eco due to article stage please change the mastership for below numbers from article to plm stage a a a,0
faire transfert droits vue architecturale reference ft ft coc remoteservices vers sc demande urgente livraison prevu aujourdhui reference piece,1
i set it according to the usage file but auto mesh statusbom error why contexte securite psaconcepteurbexcarrosserieemp reference plm a a p p champprojet emp,0
jai eco wait up veux proumovoir letat definir composants attente approbation cest urgent nai lacces faire transferer propriete personne faire,1
bonjour sollicite creation drsquo instances qualite plm traitement drsquo issues noms instances qualityproject aisr n qualityproject aisr n proprietaire gregory rousset ndash u workflow lrsquo animation instances ingrid perseille u anne lise thomas u florent spetz j salutations regards via supmovvv,0
bonjour jai manque decoupage ref pdef a apres migration cest urgent svp cordialement,1
ao mudar o owner do pdw e drw o drw nao passa para o usuario solicitado navigateur concerne mozilla firefox poste travail cfao reference plm pp,0
request to delete blocked state pdi under since the version is not usersdongjiangliexternalstellantiscom,0
merci donner propriete pdd p svp merci demande cree suite louverture dune ancienne,0
bonjour viens prendre erreur propriete reference suivante a lorganisation bexcmp pouvezvous transferer lorganisation vers mecaniqueemp cest urgent afin puisse terminer charge correspondante cordialement,1
bonjour narrive franchir jalon j grille apqp raenovaresconsole av ens,0
please transfer the ownership for my user prdnp and the attpa eco,0
hello i am facing error while taking version of reference fm kindly resolve it asap,1
bonjour jai probleme despace disque i pourriez majouter disque mglee disque equipe merci davance cordialment,0
quil parait nai lacces ecriture myhpc jessaie faire creation dun superelement travailler abaqus ca marche contre jai travaille memes modeles ca a bien marche,0
cant promote preas and pdefs to approved state eco ive solved the issue you can close the incident,0
bonjour dois faire clonage cnx suivante cx trouve cnx generique possible parcequelle vient dcom voici pa merci faire manip asap cest tres urgent,1
good morning my request its to remove two pdef a and a to the pa because a new pdef a will replace both of them since the effectivity expression will be foo these two pdef a and a are already attached to new a pa by reconduction please contact if you have doubts its a urgent topic thank you,1
bonjour pourriezvous donner acces sdm p cpe synthese vehicule synthese acv svp merci avance,0
bonjour message piece jointe apparu suite demande denregistrement,0
narrive a passer pdd statut waitapp demande urgente besoin solder probleme cet apres midi,1
designer cmp access for marco tulio fb,0
bonjour pouvez svp remplacer pdef pdef pa pa remplacer pdef pdef pa merci davance bonjour demande a traite svp cest urgent merci bonjour deuxieme pa pa merci bonjour pouvezvous svp avancer eme pa cette demande urgente merci,1
pdef a nest recopie conforme plm manque decoupage psa pouvezvous corriger cette donnee completement renseignee plm manque bloque processus mapping entre pieces xfca xpsa,0
bonjour jarrive prmouvoir prea suivant b merci faire necessaire cest tres urgent,1
bonjour jarrive a pousser leco cause dun message derreur voir capture decran merci traiter asap cest urgent cordialement,1
jai eco wait up veux proumovoir letat definir composants attente approbation cest urgent nai lacces faire transferer propriete personne faire contexte connexion role psaconcepteurbex contexte connexion organisation mecanique contexte connexion projet std,1
frequently getting problem with pac,0
hello i try to change the pdd the maturity from frozen to waitapp the ref p but without result thank you to change the maturity this request is urgent bonjour cest probleme resolue merci dannuler demande,1
a a in eco not can push only in the in work state,0
eco have to approved soon possible hello support team when will be solved the plm problem its an urgent topic many thanks,1
bonjour loffi pdef a due etre lancee validation pa gbom reste cours besoin svp corriger ca merci bonjour pouvezvous svp prioriser cette demande urgente merci,1
bonjour voudrais changement e mastership pdef a a a leco eco nb jai lecr cordialement,0
besoin secondary groups brcbrcxx groupe obligatoire travailler projet data science cest urgent,1
i connected a prea mistaken to another pdef which was already in status shared in the graphical browser but it got connected and refused to get disconnected i want to disconnect the prea part b from the pdef a i understand that i added that prea to the pdef in the graphical browser when both of them where shared but after that it refused to get disconnected saying that the pdeaf is already shared but its impossible to add a prea to a shread pdef and that is creating a mejor problem i neeed your help to resolve this issue this issue is creating an major issue disrupting the gigital work the prea should not get connected to an already validated pdef and plm refuse now to disconnect this prea we cant create a new index this pdef belongs to the pofi people fixation now i need your help to get disconnect this prea it does not belong to that pdef and should not be get connected in the first place thank you for you help,0
d drawing with which version of catia v can be read in catia v,0
the error message see in the attached picture told that the attached pdd is not in wait app status but both attached pdds in the defs are in shared status see picture attached so i dont understand the error hello sorry the issue is very urgent because the release is late please give a status when we can expect that the error will be solved thanks frank wendrock from support in russelsheim has solved the issue so this request can be closed,1
hello team i am unable to promote the eco i have added the correct pdef and prea and also attached ecr to it kindly resolved asap,1
change apqp target date contexte securite reference plm champprojet emp,0
bonjour jessaie rattacher doc specification elements concernees eco naccepte sil plait pouvez ajouter doc reefdoc elements concernees eco ref eco pourpouvoir promovoir pdef faire offi cest urgent merci sil plait dois cloturer offi aujourdhui retour possible,1
hello i am getting wb error while doing geometric engagement for reference under fm kindly resolve it asap,1
lapplication boreal souvre message derreur,0
into the enviroment web there is this error incomplete center of gravity i need to a realized the promotion of the pdef a p project im request a metodology or a method to fix this problem if is possible thank you,0
bonjour variante cours dcom engagee sap merci dintervenir asap svp pouvoir continuer loffi fm bloquee ultra urgent traine plusieurs jours fm avance merci prise compte,1
its necessary to demode the pdef status a from approved to inwork to add the correct mass information,0
ecr eco champ projet epsl,0
bonjour veuillez svp donner lacces reference suivant cdt,0
jai lance simulation esixt return resultats i,0
u,0
due to an structure modification pdd p ambient light is not longer needed please remove this pdd from pdef,0
bonjour jarrive promouvoir leco bonne journee,0
bonjour relance lincident lacces plm jai relance interne retour cest traitement normalement faite externe pourriez svp debloquer asap crdt,1
hi team we need access for the below reference files to the following members pcv muthukumar muthiah sd induprasanth saravanan sd manoj natarajan sc,0
plm login issue reference plm champprojet ec,0
bonjour nrsquo licence metapost jrsquo besoin urgent deploiement c nonno,1
hello team i am not able to do the undertaking geometry reference under fm it is showing error folio aa not done q checker but the folio already in offi state please find the attached image for your reference kindly do the needful thanks in advance,0
bonjour jai probleme stockage sdm jarrive stocker modele,0
bonjour jai probleme dengagement variantes deux fm saffiche panel engager variantes merci maider asap,1
bonjour contacte suite demande role plm psaconcepteurbexcarrosseriecmp javais ya deux semaines laquelle nai recu aucune reponse pouvez maider svp regler probleme sachant jai besoin role urgence effectuer travail merci davance prise compte supmovvv,1
bonjour panel dengagement napparait merci dintervenir asapsvp,1
prea ownership transfer request to ts b,0
bonjour merci dabandonner pdef essayer labandonner plm a maitrise article merci prendre compte demande cest tres urgent merci contacter via teams lors traitement demande plus dinformation br fiche modification bonjour jai rattacher pdef peux retrograder eco vers letat creer eco a disposition bonjour non jai envoyer demande abandonner pdef parcequil mastership maitrise plm cest ca jarrive a labandonner via plm eco br bonjour jai confirmer rattachement jai dit pdef abandonner via plm cest maitrise article cest main labandonner eco br,1
bonjour version i pa version e ressorte toujours merci faire split deffectivite ecraser lancienne version e pa cordialement,0
impossible promouvoir leco letat definir composant validation montre aucun element manquant aucun message derreur essaye rattacher leco ecr lecr letat conception promotion toujours impossible probleme persiste pouvezvous faire retour sil plait bonjour probleme persiste toujours ca devient urgent faut versionner pdef merci faire necessaire,1
recherche numero moyen clique mise jour masse fair modifications nouvelle fenetre mise jour souvre mauvais moyen plm,0
transfer the ownership to e,0
fiche aide wej toujours problematique toujours passe bien cours fige fige valider demande resolution probleme tres urgente beaucoup modification cette version projet p absolument utiliser cette version,1
fiche aide wej toujours problematique toujours memes passent bien cours fige fige valider demande resolution probleme tres tres urgente beaucoup modification cette version projet p absolument utiliser cette version,1
bonjour besoin detacher eco rattache lec eco annule remplace eco nb ec valide merci davance bonjour pouvez svp prendre demande consideration svp tres urgent merci davance bonjour cest besoin detachement eco ec bonjour a daja crae cette ticket rapport mal rattachement ec a leco jai demanda solda ticket essayer solution malheureusement solution marche vient ouvrir mame ticket datacher eco ec merci voir urgence a latat critique cordialement merci davance bonjour linformation jai cest leco deja annule reactive coup metier narrive soumettre eco letat valide a discute cree eco rattacher lec existant pouvez detacher svp ny a dimpact merci davance bonjour nouvelles concernant cet incident bonjour daja cas similaire rasoudre problame voici numaro ticket atapes effectuas webe bonjour nabil actions suivantes ata raalisaes daconnection lien entre leco lec modification lattribut psaisocmpackage false leco lec meco changement ref doffi bbbbbbo lec meco changement ref doffi aaaaaao leco rediffusion vers devin dossier bbbbbbo soldons demande restons a disposition cas besoin via cellule support h a h heure franaaise site aide cordialement equipe support bonjour peux fermer cette ticket va essayer solution bonne journee,1
merci donne propriete ref prea b jai pris propriete peux propager modification i found a solution thank you,0
bonjour merci retrograder j cette grille apqp cause item ouvert cordialement,0
bonjour narrive transfere propriete prea id sd emp merci voire cote bien contacter asap,1
i cant generate the rgn report an error msg appears,1
bonjour jai lenteurs niveau catia v,0
bonjour jai besoin changement mastership ref suivant ecr ecr eco eco bonjour jattends retour bonjour demande cest urgent,1
bonjour jai probleme niveau panel dengagement saffiche merci dintervenir asap svp,1
bonjour narrive trouver impact vom merci voire cote bien contacter asap eco eco eco ref dimpact concerne r,1
promotion failedthis eco cannot be promoted it is not connected to an ecr or all the relationships of the affected item ldquo b rdquo are not correct reference plm promotion failedthis eco cannot be promoted it is not connected to an ecr or all the relationships of the affected item ldquo b rdquo are not correct champprojet l,0
hello i dont receive plm news mails anymore i want to involve and get the updates about trainings could you please help to solve the issue regards via supmovvv,0
bonjour merci creer workflow asap programme module,1
when saving the pdefs a and a the error message appears even though the items are in my name reference piece indice piece reference plan indice plan,0
pourriez vs donner acces domaine adaptation gmp projet stealm,0
bonjour rencontre probleme niveau suivants aa aa narrive faire modifications dernieres revisions b merci supprimer revisions b garder uniquement revisions a merci prendre compte cette demande urgence,1
bonjour larchivage toujours cours plus h archive projet lot normalement type projet prend max h cest beug niveau sdm merci aide cdt,0
bonjour fournisseur parvient coter vert litem fd jalon grille apqp piece joint montre case rate nest affiche,0
duplicate to separate part numberb for ppap process,0
bonjour pouvez modifier nature cette fm merci davance,0
we expect to have the possiblity to open fire asap we have users completely block and partially,1
bonjour merci changer mastership ref suivantes vers plm ainsi garantir synchronisation structure ref entre dcom plm pdw pdd inclus ecr eco,0
acces delmia ferrage,0
not getting average mode run result file,0
link materials to partsp contexte securite sc reference plm p champprojet cre,0
bonjour faute jai change lorganisation cet prea mecanique bex narrive corriger lerreur merci voire cote bien contacter asap id sd cmp,1
bonjour jai besoin dun split deffectivite lancien version pa suivant pa merci dintervenir asap cordialement,1
hello team i am not able to promote eco to wait app state kindly resolve asap thanks in advanced,1
bonjour jai probleme ouvrir catia v merci contacter asap svp cordialement,1
error generated when executing propagate i need to reposition these components and propagate this new position attached error image item involved a a a,0
a tentative monte leco statut valide message erreur demande modifier doc doc passer eco valide bonjour probleme urgent avezvous trouve solution cloturer lincident webu still open the evolutions of references index after officialisation still do not allow to make an order with sap software please forward to other teams if have no solution its very urgent,1
while running the delmia it will continually crash closed files will take more time to run hello i am not able to work in delmia due to slowness kindly check my problem soon possible,0
bonjour narrive enregistrer positionnement fixation suivante a a pa pa positionner deux flexplates suivante ebadtsatn ebadts atiii jai essayer prendre linstance ref enregistrer positionnement recois msg derreur merci svp donner retour plus vite possible debloquer situation cest urgent,1
nom stagiaire dont tuteur joel ulrich foyang nzedom id stagiaire se possible groupe mglsx,0
bonjour besoin daide urgent dois valider leco aujourdhui jai pu promouvoir pdef souci a chacun produit format tsl in work pdef a ca passes voir pj via supmovvv,1
bonjour bonjour souhaiterai officialiser uen reference proto jalon intermediaire phase vrs voiture non commercialisee toutefois pdd pdw piece blocked peux passer waitapp pourriezvous passer waitapp ref pdef a ref pdd p ref pdw p cordialement arnaud maffioli contexte connexion role psaconcepteur contexte connexion organisation mecanique contexte connexion projet cmp,0
bonjour veux supprimer pdd p pdef merci faire necessaire cordialement bonjour tres urgent merci solder aujourdhui svp cordialement,1
hello id like to promote the eco but im getting the enclosed error message would you please to get it solved thanks hello would you please support this urgent eco issue we need to release it asap thanks for your support best regards,1
bonjour jai besoin droits validation workflow ecebgenintphysicalmeans urgence merci,1
svp merci retrograder prea b frozen cours,0
bonjour merci regler souci propos detachement etat obsolete ref pdef vue possede lacces role concerne faire reference detacher reference pdef concernee a svp tres urgent cordialement,1
bonjour merci regler souci propos detachement eco vue possede lacces effectuer manipulation references eco eco eco eco eco svp tres urgent cordialement,1
when change quantity in gb of structure cannot save and publish to catia v reference plm pa champprojet kp,0
jai erreur duplication simulation jai actuellement cinematique objet cin impactant simulations souhaite supprimer simulation s simulation surlignee orange piece jointe,0
bonjour arrive a renseigner masses catia a kg a kg a kg a kg a kg pouvez traiter cette demande plus brefs delais bonjour oui masses etaient bien declarees problemes merci reactivite passer bonne journnee,0
bonjour support pourriezvous attribuer acces sdm lecture ecriture projet p domaines synthese choc construction modeles utilisateurs cidessous asmae azzouzi sd chaymaa ahabchane sd errachidi imrane sc donneur dordre cote stellantis copie mail merci avance,0
bonjour pdef defa parvenu probleme versionner pdwr drwr contre impossible versionner pddp ddr correspondants pourtant bien proprietaire responsable rubriques propriete usage voir message derreur merci davance,0
probleme promotion deco pouvez traiter demande urgent sil plait,1
hello can you please help to promote this eco to wait app eco eco hello this is very urgent if its possible to fix this today i need to release the part today,1
bonjour merci noter rencontre probleme niveau modification pa aa effet version f dernier contient jalon k jep infin equivalent lapplicabilite pinfin lapplicabilite plm oinfin pouvez corriger jalon pouvoir proceder modification svp merci intervention urgente,1
transfer of pa e from plm release bbbbbbo to sap modify part node ba,0
need to delete the cl gdm project complementary template v from ecr,0
bonjour jai recu erreur lors dune remontee apogee descriptif voir fichier joint cordialement,0
bonjour merci regler souci propos lenteurs catia v temps reponse tres lent cordialement,0
impossible passer tex letat complete,0
hello jrsquo realise ocmt via cet ecr identifiant recherche devin veux verifier qursquo a bien diffuse ecr merci viasupmovvv,0
bonjour pourriezvous maccorder lacces projet p cest urgent svp merci cdt,1
bonjour rencontre probleme niveau suivants aa aa narrive modifier quils migres status in work pouvez svp supprimer versions cours merci intervention urgente cordialement,1
bonjour jai besoin aide engager eco suite a erreur claire jai besoin aide urgent,1
bonjour merci dattribuer role dcom concepteurpsap lutilisateur sd cordialement,0
impossibilite propager,0
